{
    "model_type": "logistic_regression",
    "feature_columns": [
        "order_count_last_1h",
        "order_count_last_24h",
        "unique_ip_count",
        "avg_order_amount_global",
        "avg_order_amount_today",
        "account_age_days",
        "receive_address_count"
    ],
    "coef": {
        "order_count_last_1h": 1.1360178698277108,
        "order_count_last_24h": 0.936125387524952,
        "unique_ip_count": 0.8094277214901989,
        "avg_order_amount_global": 0.8218059120288409,
        "avg_order_amount_today": -2.6867970699030277,
        "account_age_days": -0.8656116176872285,
        "receive_address_count": 0.7182980899683363
    },
    "intercept": -3.5333963270390485,
    "mean": {
        "order_count_last_1h": 2.9974278365247216,
        "order_count_last_24h": 10.06516147470706,
        "unique_ip_count": 1.8222349242640754,
        "avg_order_amount_global": 107.1941440411546,
        "avg_order_amount_today": 97.29560731637609,
        "account_age_days": 221.13946841954845,
        "receive_address_count": 1.9605601600457274
    },
    "std": {
        "order_count_last_1h": 4.421587539299056,
        "order_count_last_24h": 13.46524049846703,
        "unique_ip_count": 1.5050102210054053,
        "avg_order_amount_global": 39.50514083097641,
        "avg_order_amount_today": 49.129019678972604,
        "account_age_days": 146.14279871513884,
        "receive_address_count": 1.5586612137037363
    },
    "classes": [
        0,
        1
    ],
    "positive_class": 1,
    "threshold": 0.5,
    "metrics": {
        "accuracy": 0.9787234042553191,
        "precision": 0.9263803680981595,
        "recall": 0.9741935483870968,
        "f1": 0.949685534591195,
        "roc_auc": 0.9948992273193926
    }
}