{
    "model_type": "logistic_regression",
    "feature_columns": [
        "order_count_last_1h",
        "order_count_last_24h",
        "unique_ip_count",
        "avg_order_amount_global",
        "avg_order_amount_today",
        "account_age_days",
        "receive_address_count"
    ],
    "coef": {
        "order_count_last_1h": 1.2252570636225573,
        "order_count_last_24h": 0.5897526365791926,
        "unique_ip_count": 0.9221807997241119,
        "avg_order_amount_global": 1.103634442957674,
        "avg_order_amount_today": -3.174706863663277,
        "account_age_days": -0.756383590232474,
        "receive_address_count": 0.5555277406307337
    },
    "intercept": -3.38541781858997,
    "mean": {
        "order_count_last_1h": 2.9045441554729923,
        "order_count_last_24h": 9.98542440697342,
        "unique_ip_count": 1.8608173763932552,
        "avg_order_amount_global": 107.3609059731352,
        "avg_order_amount_today": 97.80680765933124,
        "account_age_days": 220.22577879394112,
        "receive_address_count": 1.9442697913689626
    },
    "std": {
        "order_count_last_1h": 4.287340135574106,
        "order_count_last_24h": 13.383223691527636,
        "unique_ip_count": 1.59747747550302,
        "avg_order_amount_global": 39.27950698372935,
        "avg_order_amount_today": 49.31918682225687,
        "account_age_days": 147.74252844484369,
        "receive_address_count": 1.5405477594225103
    },
    "classes": [
        0,
        1
    ],
    "positive_class": 1,
    "threshold": 0.5,
    "metrics": {
        "accuracy": 0.9601063829787234,
        "precision": 0.8453038674033149,
        "recall": 0.9870967741935484,
        "f1": 0.9107142857142857,
        "roc_auc": 0.994823580266926
    }
}